Image,ExpectedManufacturer,ExpectedModel,ExpectedSerial
WIN_20260909_09_49_34_Pro.jpg,SK hynix,HFM256GDHTNI-87A0BEA,CY08N07771020940V
WIN_20260909_09_49_53_Pro.jpg,Micron,MTFDDAV256TBN,
WIN_20260909_09_50_28_Pro.jpg,Western Digital,SDBPNPZ-256G-1006A,204842803454
WIN_20260909_09_50_49_Pro.jpg,Samsung,MZVLB512HBJQ-000H1,S4GLNXDN641052
WIN_20260909_09_51_01_Pro.jpg,Western Digital,SDBQNTY-512G-1001,2004A1803782
WIN_20260909_09_51_06_Pro.jpg,Samsung,MZMLN256HCHP-000D1,S20ENXAGC06744
WIN_20260909_09_51_16_Pro.jpg,SanDisk,SD7SF6S-256G-1012,154703401868
WIN_20260909_09_51_25_Pro.jpg,Lite-On,LMH-256V2M-11,
WIN_20260909_09_51_39_Pro.jpg,Lite-On,CV8-8E128-HP,002925101G0W
WIN_20260909_09_51_51_Pro.jpg,SK hynix,HFS128G39TND-N210A,E174N02901160495C
WIN_20260909_09_52_11_Pro.jpg,SK hynix,HFM512GD3GX013N,FJA9N616210309J1B
WIN_20260909_09_53_05_Pro.jpg,Samsung,MZ-77E500,S6PWNJ0R701698F
WIN_20260909_09_53_14_Pro.jpg,Intel,SSDSC2KF256G8,
WIN_20260909_09_53_28_Pro.jpg,Lite-On,LCH-256V2S-HP,002518133823
WIN_20260909_09_54_02_Pro.jpg,Samsung,MZ-7PD128M,S1MBNYAH312450
WIN_20260909_09_54_09_Pro.jpg,Samsung,MZ-75E250,S2R5NX0J652739X
WIN_20260909_09_54_14_Pro.jpg,SanDisk,SD7SB3Q-128G-1006,161237404570
WIN_20260909_09_54_23_Pro.jpg,Samsung,MZ-7PD128M,S1MBNYAH312751
WIN_20260909_09_54_32_Pro.jpg,Crucial,CT500MX500SSD1,2104E4ED8993
WIN_20260909_09_54_45_Pro.jpg,Toshiba,MK2561GSYN,52CKC0ZAT
WIN_20260909_09_54_57_Pro.jpg,Seagate,ST9100828AS,5LZ1GDXC
WIN_20260909_09_55_07_Pro.jpg,Toshiba,MK1661GSYG,X1UFT335T
WIN_20260909_09_55_15_Pro.jpg,Western Digital,WD3200BEKX-60B7WT0,WX81AB3H3197
WIN_20260909_09_55_22_Pro.jpg,Hitachi,HTS721010G9SA00,MPCZN7Y0GZVRZL
WIN_20260909_09_55_59_Pro.jpg,Western Digital,WD3200BEKX-60B7WT0,WXA1AB321384
WIN_20260909_09_56_29_Pro.jpg,Seagate,ST250LT014,W0035XKH
WIN_20260909_09_56_48_Pro.jpg,HGST,HUC156030CSS204,0TG8JRGD
WIN_20260909_09_57_41_Pro.jpg,Micron,MTFDDAK256TBN,
WIN_20260909_09_57_51_Pro.jpg,Hitachi,DK23BA-20,6FSF12M2AL
WIN_20260909_09_58_07_Pro.jpg,Seagate,ST9500620NS,9XF3E5DG
WIN_20260909_09_58_16_Pro.jpg,Seagate,ST600MM0006,S0M5RX0S
WIN_20260909_09_58_24_Pro.jpg,Seagate,ST9300653SS,6XN41S6D
WIN_20260909_09_58_35_Pro.jpg,Samsung,HM251HI,S264J90B704285
WIN_20260909_09_59_21_Pro.jpg,Seagate,ST3600057SS,6SL4HRFK
WIN_20260909_09_59_30_Pro.jpg,Western Digital,WD2500AAJS-75M0A0,WMAV2HR63430
WIN_20260909_09_59_39_Pro.jpg,Seagate,ST500DM002,Z2AMVS9Z
WIN_20260909_09_59_56_Pro.jpg,Western Digital,WD400BB-60DGA0,WMADK4272791
WIN_20260909_10_00_15_Pro.jpg,Maxtor,6V080E0,V22D0CPG
